{"data":{"allPhilanthropyJson":{"edges":[{"node":{"id":"41140037-0352-5874-a3de-6206daf4584d","title":"Lead Organizer of a Blood Donation Drive","description":"Oversaw close to 1000+ students actively participating in the Donation Drive which was organized at Sagar Hospitals, Bengaluru."}},{"node":{"id":"45af0003-e2b8-57ba-8419-db7477835fc0","title":"Development of Calamity Control","description":"A project created at the nick of time to crowd-source disaster information and get a more detailed area-by-area view on the safezones of a calamity struck area, compared to the disaster safety check by Facebook."}},{"node":{"id":"301fa008-6894-517a-b655-3512b7ec88ca","title":"Development of ChennaiRains.org","description":"A crowd-sourced repository of information created overnight that was used at a time of dire need by many people stranded in the floods of Chennai and surrounding areas."}}]}}}