{"data":{"allCertificationsJson":{"edges":[{"node":{"id":"949c08d4-ef7c-5b96-8fa1-83547466d60f","title":"Applied CS with Android","subtitle":"Google"}},{"node":{"id":"e8e3e6e6-d3ea-554a-83c4-6e76f30a7004","title":"The Complete React Native and Redux Course","subtitle":"Udemy"}},{"node":{"id":"40757cfb-f511-57af-a61c-e0ff21fc0ea2","title":"Data Science & Machine Learning using Python","subtitle":"Udemy"}},{"node":{"id":"b916bffb-2d49-5d17-aaf8-18edd4b633df","title":"Dynamic Skills Integrated Program","subtitle":"DSI - Center for Innovation and Leadership"}},{"node":{"id":"eb2ed691-fc5d-5cda-b05c-f9d10321e6c8","title":"Java - Level 1 & 2","subtitle":"Cambridge Certification Authority"}}]}}}