{"data":{"allLanguagesJson":{"edges":[{"node":{"id":"2194d073-6e01-5b86-84d7-67a8cee7e578","text":"I'm pretty fluent in English.","translation":"","language":"English"}},{"node":{"id":"595198ed-b5b0-5468-aa8b-e26529d11fef","text":"தமிழ் என் தாய்மொழி.","translation":"Tamil is my native tongue.","language":"Tamil"}},{"node":{"id":"26a921d5-e467-50c8-853c-d825e6c6a0e6","text":"ನನಗೆ ಕನ್ನಡ ಕೂಡ ಸ್ವಲ್ಪ ಬರುತ್ತೆ.","translation":"I know a bit of Kannada as well.","language":"Kannada"}},{"node":{"id":"b8a72ff6-3031-50f8-8776-1866b93f8676","text":"में मुश्किल से हिंदी बात करता हूँ|","translation":"I speak Hindi with some difficulty.","language":"Hindi"}},{"node":{"id":"42578504-70c7-5cd6-aa05-3d466b12073a","text":"Ich lerne Deutsch auf Duolingo.","translation":"I am currently learning German on Duolingo.","language":"German"}},{"node":{"id":"aca806ff-bb9d-59f8-84ba-4db471afb9eb","text":"Bella Ciao, Bella Ciao, Bella Ciao Ciao Ciao!","translation":"That's all the Italian I know, thanks to Money Heist!","language":"Italian"}}]}}}