{"data":{"photo":{"childImageSharp":{"fluid":{"aspectRatio":1,"src":"/static/9975addb85d6946ab8d7b1e532619bc8/49b36/yo.jpg","srcSet":"/static/9975addb85d6946ab8d7b1e532619bc8/6d25d/yo.jpg 128w,\n/static/9975addb85d6946ab8d7b1e532619bc8/07af2/yo.jpg 256w,\n/static/9975addb85d6946ab8d7b1e532619bc8/49b36/yo.jpg 512w,\n/static/9975addb85d6946ab8d7b1e532619bc8/33aa5/yo.jpg 768w,\n/static/9975addb85d6946ab8d7b1e532619bc8/16310/yo.jpg 1024w","srcWebp":"/static/9975addb85d6946ab8d7b1e532619bc8/a3e81/yo.webp","srcSetWebp":"/static/9975addb85d6946ab8d7b1e532619bc8/cde37/yo.webp 128w,\n/static/9975addb85d6946ab8d7b1e532619bc8/34b62/yo.webp 256w,\n/static/9975addb85d6946ab8d7b1e532619bc8/a3e81/yo.webp 512w,\n/static/9975addb85d6946ab8d7b1e532619bc8/7f8e9/yo.webp 768w,\n/static/9975addb85d6946ab8d7b1e532619bc8/cc834/yo.webp 1024w","sizes":"(max-width: 512px) 100vw, 512px"}}},"logo":{"childImageSharp":{"fluid":{"aspectRatio":5.375,"src":"/static/6afd16163add6aeee3cd0142c17907be/130c1/logo.png","srcSet":"/static/6afd16163add6aeee3cd0142c17907be/307ba/logo.png 172w,\n/static/6afd16163add6aeee3cd0142c17907be/26717/logo.png 344w,\n/static/6afd16163add6aeee3cd0142c17907be/130c1/logo.png 688w,\n/static/6afd16163add6aeee3cd0142c17907be/be3cd/logo.png 1033w,\n/static/6afd16163add6aeee3cd0142c17907be/20ef8/logo.png 1377w,\n/static/6afd16163add6aeee3cd0142c17907be/95bbe/logo.png 1920w","srcWebp":"/static/6afd16163add6aeee3cd0142c17907be/d3cb6/logo.webp","srcSetWebp":"/static/6afd16163add6aeee3cd0142c17907be/d0fb6/logo.webp 172w,\n/static/6afd16163add6aeee3cd0142c17907be/a5ab3/logo.webp 344w,\n/static/6afd16163add6aeee3cd0142c17907be/d3cb6/logo.webp 688w,\n/static/6afd16163add6aeee3cd0142c17907be/2b4de/logo.webp 1033w,\n/static/6afd16163add6aeee3cd0142c17907be/bda67/logo.webp 1377w,\n/static/6afd16163add6aeee3cd0142c17907be/cc75c/logo.webp 1920w","sizes":"(max-width: 688px) 100vw, 688px"}}}}}