{"data":{"allAchievementsJson":{"edges":[{"node":{"id":"d517fb41-8a10-5bf9-b656-52a2cf87c1ac","title":"International Flutter Hackathon '19","subtitle":"1st Place"}},{"node":{"id":"9d173d3f-6d80-5b07-bc3a-094f3d42b00e","title":"Venturesity Banyan Hack '16","subtitle":"1st Place"}},{"node":{"id":"86353912-34b1-59f4-98cd-58ac076e32c7","title":"eGovernments Foundation Hackathon '17","subtitle":"1st Place"}},{"node":{"id":"561a695b-56ad-513d-bb01-bae51f049231","title":"Smart India Hackathon '17","subtitle":"1st Place"}},{"node":{"id":"ec3bdbb1-345e-54df-b89c-c502a585571b","title":"NIT Trichy - Pragyan Hackathon '16","subtitle":"3rd Place"}}]}}}