[
  {
    "image": "../images/projects/reactive-resume.png",
    "title": "Reactive Resume",
    "description": "A one-of-a-kind resume builder that keeps your privacy in mind. Completely secure, customizable, portable, open-source and free forever.",
    "tags": ["opensource", "webdev", "frontend", "react", "tailwindcss"],
    "website": "https://rxresu.me/",
    "github": "https://github.com/AmruthPillai/Reactive-Resume/"
  },
  {
    "image": "../images/portfolio/alejandro-bernabe-arquitectos-320w.png",
    "title": "Alejandro Bernabe Arquitectos",
    "description": "Estudio de Arquitectos",
    "tags": ["wordpress", "webdev", "html", "mysql", "seo", "css"],
    "website": "http://alejandro-bernabe-arquitectos.org/"
  },
  {
    "image": "../images/portfolio/dietetica-aquelarre-320w.png",
    "title": "Dietetica Aquelarre",
    "description": "Dietetica, Almacen Saludable",
    "tags": ["webdev", "html", "jquery", "seo", "css"],
    "website": "http://dietetica-aquelarre.com.ar/"
  },
  {
    "image": "../images/portfolio/aceco-320w.png",
    "title": "Estudios Sobre El Crimen Organizado",
    "description": "ONG Sobre El Crimen Organizado",
    "tags": ["webdev", "php", "wordpress", "seo", "css"],
    "website": "http://aceco.org.ar/"
  },
  {
    "image": "../images/portfolio/repliegue-320w.png",
    "title": "Repliegue",
    "description": "Diario sobre politica local",
    "tags": ["webdev", "php", "wordpress", "seo", "css"],
    "website": "http://repliegue.com.ar/"
  },
  {
    "image": "../images/portfolio/el-pinar-320w.png",
    "title": "El Pinar Del Mar",
    "description": "Complejo turistico",
    "tags": ["webdev", "gatsby", "seo", "css"],
    "website": "http://elpinardelmar.com.ar/"
  }
]
