[
  {
    "icon": "../images/work/postman.png",
    "title": "Postdot Technologies Pvt. Ltd.",
    "subtitle": "Full Stack Developer",
    "period": "Jun '20 - current",
    "location": "Bengaluru, India",
    "specialization": "React, Sails"
  },
  {
    "icon": "../images/work/dhiyo.png",
    "title": "GoDhiyo Solutions Pvt. Ltd.",
    "subtitle": "Full Stack Developer and Designer",
    "period": "Jul '18 - Mar '20",
    "location": "Bengaluru, India",
    "specialization": "Angular, Node, Python, Figma, Product Design"
  },
  {
    "icon": "../images/work/betsol.png",
    "title": "Betsol Software (India) Pvt. Ltd.",
    "subtitle": "Full Stack Developer Intern",
    "period": "Jan '18 - Mar '18",
    "location": "Bengaluru, India",
    "specialization": "Full Stack Javascript, AngularJS, Node, MongoDB"
  },
  {
    "icon": "../images/work/grabhouse.png",
    "title": "Grabhouse Pvt. Ltd.",
    "subtitle": "Web Developer Intern",
    "period": "Jan '16 - Feb '16",
    "location": "Bengaluru, India",
    "specialization": "Python Scripting, Yii Framework (PHP), WordPress"
  },
  {
    "icon": "../images/work/cognitive-clouds.png",
    "title": "Cognitive Clouds Pvt. Ltd.",
    "subtitle": "Visual Designer Intern",
    "period": "Jan '14 - Feb '14",
    "location": "Bengaluru, India",
    "specialization": "Adobe Photoshop CC, Adobe Illustrator CC"
  }
]
